source,target,weight
tvahaber,tvahaber,1.0
tvahaber,stargazete,0.4539490901477747
tvahaber,SHaberTV,0.22442763093249485
tvahaber,AkitGazetem,0.6195877736343637
tvahaber,Haber7,0.5188644677643158
tvahaber,Haberturk,0.3336844244515748
tvahaber,Vatan,0.4461661412778049
tvahaber,cnnturk,0.23140943217036844
tvahaber,AydinlikGazete,0.1495991800086833
tvahaber,yenisafak,0.51523997820651
tvahaber,Halk_TV,0.040752544147306516
tvahaber,Aksam,0.27155513648534
tvahaber,cumhuriyetgzt,0.09385333333333333
tvahaber,medyatavacom,0.13083086675060307
tvahaber,Hurriyet,0.21219842966518024
tvahaber,Sabah,0.56778077844522
tvahaber,trthaber,0.7051010478018048
tvahaber,bugun,0.21968220369421443
tvahaber,ulusalkanalcom,0.09861789496787973
tvahaber,ozgurgundemweb,0.08546987567348642
tvahaber,milligazetecom,0.2390553105370678
tvahaber,imc_televizyonu,0.07058719428025342
tvahaber,bbcturkce,0.28330512879637626
tvahaber,zamancomtr,0.2599279318713873
tvahaber,turkiyegazetesi,0.33619953947474357
tvahaber,BirGun_Gazetesi,0.10506138979070906
tvahaber,Taraf_Medya,0.12427819115910839
tvahaber,zaytung,0.06879106105077208
tvahaber,postacomtr,0.24212437261951375
tvahaber,milliyet,0.35901770046390924
tvahaber,t24comtr,0.13010514914932983
tvahaber,ihacomtr,0.5669945170068528
tvahaber,radikal,0.2330997502628298
tvahaber,HaberMynet,0.3185647484373975
tvahaber,dhainternet,0.30772778257624017
tvahaber,Cihan_Haber,0.31137808800597183
tvahaber,evrenselgzt,0.12503318626025614
tvahaber,ntv,0.14048204354572066
tvahaber,yurtgazetesi,0.18336787454819384
tvahaber,SozcuGazetesi,0.07273975572739756
stargazete,tvahaber,0.4539490901477747
stargazete,stargazete,1.0
stargazete,SHaberTV,0.1848917025786437
stargazete,AkitGazetem,0.5081134636688459
stargazete,Haber7,0.42732958808032523
stargazete,Haberturk,0.4972957412286058
stargazete,Vatan,0.4545220441326644
stargazete,cnnturk,0.40100232042849415
stargazete,AydinlikGazete,0.14913815868980426
stargazete,yenisafak,0.465348112935959
stargazete,Halk_TV,0.03474820254645667
stargazete,Aksam,0.4460829144600493
stargazete,cumhuriyetgzt,0.09457333333333333
stargazete,medyatavacom,0.2341081180103634
stargazete,Hurriyet,0.3980886996877017
stargazete,Sabah,0.7422688731091998
stargazete,trthaber,0.5253480642741246
stargazete,bugun,0.20976663330348205
stargazete,ulusalkanalcom,0.09119796631712743
stargazete,ozgurgundemweb,0.08896770947115208
stargazete,milligazetecom,0.2269889455295263
stargazete,imc_televizyonu,0.07147205606484267
stargazete,bbcturkce,0.4731166146169548
stargazete,zamancomtr,0.435200289617391
stargazete,turkiyegazetesi,0.31455807287892695
stargazete,BirGun_Gazetesi,0.10723130380222172
stargazete,Taraf_Medya,0.41132568336598563
stargazete,zaytung,0.09883411553291345
stargazete,postacomtr,0.23520093973587727
stargazete,milliyet,0.5544995376589843
stargazete,t24comtr,0.25502053341757297
stargazete,ihacomtr,0.4458089532233298
stargazete,radikal,0.25319058917947557
stargazete,HaberMynet,0.2507285897688192
stargazete,dhainternet,0.27666748085210324
stargazete,Cihan_Haber,0.2838424900116894
stargazete,evrenselgzt,0.12928102757304138
stargazete,ntv,0.2461660589353944
stargazete,yurtgazetesi,0.18083563804579245
stargazete,SozcuGazetesi,0.07339018573390185
SHaberTV,tvahaber,0.22442763093249485
SHaberTV,stargazete,0.1848917025786437
SHaberTV,SHaberTV,1.0
SHaberTV,AkitGazetem,0.1893011499274469
SHaberTV,Haber7,0.2579345583177754
SHaberTV,Haberturk,0.171530575480659
SHaberTV,Vatan,0.30197575811392796
SHaberTV,cnnturk,0.11613722820365249
SHaberTV,AydinlikGazete,0.15090167713289498
SHaberTV,yenisafak,0.1909119243223438
SHaberTV,Halk_TV,0.04558680892337536
SHaberTV,Aksam,0.120956897998152
SHaberTV,cumhuriyetgzt,0.08212
SHaberTV,medyatavacom,0.10449098574282813
SHaberTV,Hurriyet,0.11087325762573871
SHaberTV,Sabah,0.23908018547892773
SHaberTV,trthaber,0.3628653780466692
SHaberTV,bugun,0.5210906409083725
SHaberTV,ulusalkanalcom,0.09701270069023354
SHaberTV,ozgurgundemweb,0.07151535978595712
SHaberTV,milligazetecom,0.25324092636080725
SHaberTV,imc_televizyonu,0.05788411850069019
SHaberTV,bbcturkce,0.2344829845075497
SHaberTV,zamancomtr,0.7834262131697525
SHaberTV,turkiyegazetesi,0.13050094198347906
SHaberTV,BirGun_Gazetesi,0.11702800211049687
SHaberTV,Taraf_Medya,0.2434735612882056
SHaberTV,zaytung,0.06660443483672333
SHaberTV,postacomtr,0.15660484818282133
SHaberTV,milliyet,0.24680769428730517
SHaberTV,t24comtr,0.17096138514072537
SHaberTV,ihacomtr,0.31924350160365583
SHaberTV,radikal,0.22513183321869576
SHaberTV,HaberMynet,0.2067508176135991
SHaberTV,dhainternet,0.25603484982476826
SHaberTV,Cihan_Haber,0.6272149618420622
SHaberTV,evrenselgzt,0.12177145096651032
SHaberTV,ntv,0.05210862963638831
SHaberTV,yurtgazetesi,0.20052766715943895
SHaberTV,SozcuGazetesi,0.082387800823878
AkitGazetem,tvahaber,0.6195877736343637
AkitGazetem,stargazete,0.5081134636688459
AkitGazetem,SHaberTV,0.1893011499274469
AkitGazetem,AkitGazetem,1.0
AkitGazetem,Haber7,0.605771481175204
AkitGazetem,Haberturk,0.28603079995631214
AkitGazetem,Vatan,0.14530035963237578
AkitGazetem,cnnturk,0.18166357210840836
AkitGazetem,AydinlikGazete,0.09399135604062973
AkitGazetem,yenisafak,0.6730508183676335
AkitGazetem,Halk_TV,0.008744784690468493
AkitGazetem,Aksam,0.2961336225055
AkitGazetem,cumhuriyetgzt,0.02428
AkitGazetem,medyatavacom,0.1185813920831318
AkitGazetem,Hurriyet,0.17064018348910143
AkitGazetem,Sabah,0.5401538437534131
AkitGazetem,trthaber,0.6476182303287513
AkitGazetem,bugun,0.2046621210466368
AkitGazetem,ulusalkanalcom,0.07316159835234276
AkitGazetem,ozgurgundemweb,0.029148614980547136
AkitGazetem,milligazetecom,0.14472001069171583
AkitGazetem,imc_televizyonu,0.045724048618370754
AkitGazetem,bbcturkce,0.27022514861681046
AkitGazetem,zamancomtr,0.266776926557551
AkitGazetem,turkiyegazetesi,0.17867896880988035
AkitGazetem,BirGun_Gazetesi,0.11077998470924155
AkitGazetem,Taraf_Medya,0.10444524192164266
AkitGazetem,zaytung,0.05934530589318313
AkitGazetem,postacomtr,0.06943010714412844
AkitGazetem,milliyet,0.28858186016757426
AkitGazetem,t24comtr,0.13366151253686165
AkitGazetem,ihacomtr,0.35568956639777816
AkitGazetem,radikal,0.22782449953971695
AkitGazetem,HaberMynet,0.07218426995773711
AkitGazetem,dhainternet,0.27230812438563917
AkitGazetem,Cihan_Haber,0.30022936137679235
AkitGazetem,evrenselgzt,0.05564743879795915
AkitGazetem,ntv,0.09839134979950383
AkitGazetem,yurtgazetesi,0.07514315582531089
AkitGazetem,SozcuGazetesi,0.0215364602153646
Haber7,tvahaber,0.5188644677643158
Haber7,stargazete,0.42732958808032523
Haber7,SHaberTV,0.2579345583177754
Haber7,AkitGazetem,0.605771481175204
Haber7,Haber7,1.0
Haber7,Haberturk,0.2805993220284684
Haber7,Vatan,0.42906362385117436
Haber7,cnnturk,0.18225941120995692
Haber7,AydinlikGazete,0.14341791358759629
Haber7,yenisafak,0.5223181040615357
Haber7,Halk_TV,0.034178559881760655
Haber7,Aksam,0.24945469669793152
Haber7,cumhuriyetgzt,0.08122666666666667
Haber7,medyatavacom,0.12401915741395654
Haber7,Hurriyet,0.17075632069294858
Haber7,Sabah,0.4834261389461207
Haber7,trthaber,0.6895787406068106
Haber7,bugun,0.2232020994861431
Haber7,ulusalkanalcom,0.09120779403719464
Haber7,ozgurgundemweb,0.08064654696302115
Haber7,milligazetecom,0.28621341428489605
Haber7,imc_televizyonu,0.06552224542526458
Haber7,bbcturkce,0.2716891822894454
Haber7,zamancomtr,0.29806920275273263
Haber7,turkiyegazetesi,0.32516947651482214
Haber7,BirGun_Gazetesi,0.10082613593691325
Haber7,Taraf_Medya,0.12168209206340015
Haber7,zaytung,0.07148935488586011
Haber7,postacomtr,0.2075606022852668
Haber7,milliyet,0.3276548712434751
Haber7,t24comtr,0.1299647497129333
Haber7,ihacomtr,0.5730261777020036
Haber7,radikal,0.22953721334879093
Haber7,HaberMynet,0.306270088930121
Haber7,dhainternet,0.28899087161189435
Haber7,Cihan_Haber,0.33083649192781384
Haber7,evrenselgzt,0.12111404695381736
Haber7,ntv,0.11979232366433001
Haber7,yurtgazetesi,0.17785071121893944
Haber7,SozcuGazetesi,0.061646310616463106
Haberturk,tvahaber,0.3336844244515748
Haberturk,stargazete,0.4972957412286058
Haberturk,SHaberTV,0.171530575480659
Haberturk,AkitGazetem,0.28603079995631214
Haberturk,Haber7,0.2805993220284684
Haberturk,Haberturk,1.0
Haberturk,Vatan,0.29423256226967986
Haberturk,cnnturk,0.5182616938676544
Haberturk,AydinlikGazete,0.16974983998531892
Haberturk,yenisafak,0.2873338424825545
Haberturk,Halk_TV,0.043185072283035426
Haberturk,Aksam,0.3560718311556649
Haberturk,cumhuriyetgzt,0.2486
Haberturk,medyatavacom,0.26063707320513324
Haberturk,Hurriyet,0.5156239105464607
Haberturk,Sabah,0.4012906574802685
Haberturk,trthaber,0.2830690037064981
Haberturk,bugun,0.23089319151585389
Haberturk,ulusalkanalcom,0.11973766539233896
Haberturk,ozgurgundemweb,0.18813436591023455
Haberturk,milligazetecom,0.20209252152662427
Haberturk,imc_televizyonu,0.15987682723958518
Haberturk,bbcturkce,0.398800179361222
Haberturk,zamancomtr,0.22904931286991906
Haberturk,turkiyegazetesi,0.15425985862196673
Haberturk,BirGun_Gazetesi,0.16426462968860664
Haberturk,Taraf_Medya,0.48473384354562155
Haberturk,zaytung,0.12678122584446402
Haberturk,postacomtr,0.15701420282632683
Haberturk,milliyet,0.5029630218164981
Haberturk,t24comtr,0.30671761160501626
Haberturk,ihacomtr,0.32808846435686223
Haberturk,radikal,0.2076579953656394
Haberturk,HaberMynet,0.18576930645750753
Haberturk,dhainternet,0.3133085755845988
Haberturk,Cihan_Haber,0.21019434641725662
Haberturk,evrenselgzt,0.17543205350257274
Haberturk,ntv,0.30732300434206417
Haberturk,yurtgazetesi,0.1972315157345254
Haberturk,SozcuGazetesi,0.10952518609525186
Vatan,tvahaber,0.4461661412778049
Vatan,stargazete,0.4545220441326644
Vatan,SHaberTV,0.30197575811392796
Vatan,AkitGazetem,0.14530035963237578
Vatan,Haber7,0.42906362385117436
Vatan,Haberturk,0.29423256226967986
Vatan,Vatan,1.0
Vatan,cnnturk,0.2037117613106602
Vatan,AydinlikGazete,0.25477067886160815
Vatan,yenisafak,0.4075478399857923
Vatan,Halk_TV,0.06609394485243175
Vatan,Aksam,0.4408915330994983
Vatan,cumhuriyetgzt,0.02664
Vatan,medyatavacom,0.3065488611641433
Vatan,Hurriyet,0.214713848066421
Vatan,Sabah,0.5546508014030103
Vatan,trthaber,0.5343959508058429
Vatan,bugun,0.37389335346090663
Vatan,ulusalkanalcom,0.21337299649247435
Vatan,ozgurgundemweb,0.05147338578038513
Vatan,milligazetecom,0.09334249766118716
Vatan,imc_televizyonu,0.09408160546996404
Vatan,bbcturkce,0.5129334458109488
Vatan,zamancomtr,0.42859299382853083
Vatan,turkiyegazetesi,0.12992940549660348
Vatan,BirGun_Gazetesi,0.29883230475513917
Vatan,Taraf_Medya,0.15948141899391732
Vatan,zaytung,0.07517648625849133
Vatan,postacomtr,0.22929199444701526
Vatan,milliyet,0.5454424366203436
Vatan,t24comtr,0.2740665097899925
Vatan,ihacomtr,0.3840163388536163
Vatan,radikal,0.5513741508680016
Vatan,HaberMynet,0.1649283592439534
Vatan,dhainternet,0.5260222883274874
Vatan,Cihan_Haber,0.47719220352528524
Vatan,evrenselgzt,0.1414731607689917
Vatan,ntv,0.08723527061226302
Vatan,yurtgazetesi,0.22190649558229367
Vatan,SozcuGazetesi,0.10547806605478066
cnnturk,tvahaber,0.23140943217036844
cnnturk,stargazete,0.40100232042849415
cnnturk,SHaberTV,0.11613722820365249
cnnturk,AkitGazetem,0.18166357210840836
cnnturk,Haber7,0.18225941120995692
cnnturk,Haberturk,0.5182616938676544
cnnturk,Vatan,0.2037117613106602
cnnturk,cnnturk,1.0
cnnturk,AydinlikGazete,0.1487577042033507
cnnturk,yenisafak,0.18668884082900913
cnnturk,Halk_TV,0.04378550644312041
cnnturk,Aksam,0.29631415141826123
cnnturk,cumhuriyetgzt,0.45916
cnnturk,medyatavacom,0.20866978766300706
cnnturk,Hurriyet,0.5746764208309021
cnnturk,Sabah,0.3183358304920779
cnnturk,trthaber,0.20904183823686287
cnnturk,bugun,0.1808579925579346
cnnturk,ulusalkanalcom,0.09562371625406622
cnnturk,ozgurgundemweb,0.26822862332625586
cnnturk,milligazetecom,0.1282814976039101
cnnturk,imc_televizyonu,0.25069550136268715
cnnturk,bbcturkce,0.38356564709191515
cnnturk,zamancomtr,0.19648136718405576
cnnturk,turkiyegazetesi,0.10121894272418401
cnnturk,BirGun_Gazetesi,0.20096065634551305
cnnturk,Taraf_Medya,0.48125629320799995
cnnturk,zaytung,0.2040594814026022
cnnturk,postacomtr,0.12266400882782187
cnnturk,milliyet,0.4292314422204952
cnnturk,t24comtr,0.33149811212900704
cnnturk,ihacomtr,0.22910000110469977
cnnturk,radikal,0.22454291279406743
cnnturk,HaberMynet,0.13814624272581597
cnnturk,dhainternet,0.3165447145512383
cnnturk,Cihan_Haber,0.1784017839745394
cnnturk,evrenselgzt,0.21414303594230016
cnnturk,ntv,0.40408673661072264
cnnturk,yurtgazetesi,0.17647849367294538
cnnturk,SozcuGazetesi,0.11660764616607647
AydinlikGazete,tvahaber,0.1495991800086833
AydinlikGazete,stargazete,0.14913815868980426
AydinlikGazete,SHaberTV,0.15090167713289498
AydinlikGazete,AkitGazetem,0.09399135604062973
AydinlikGazete,Haber7,0.14341791358759629
AydinlikGazete,Haberturk,0.16974983998531892
AydinlikGazete,Vatan,0.25477067886160815
AydinlikGazete,cnnturk,0.1487577042033507
AydinlikGazete,AydinlikGazete,1.0
AydinlikGazete,yenisafak,0.14680619648460055
AydinlikGazete,Halk_TV,0.22285344787769618
AydinlikGazete,Aksam,0.11831686935192935
AydinlikGazete,cumhuriyetgzt,0.06628
AydinlikGazete,medyatavacom,0.18798927565941714
AydinlikGazete,Hurriyet,0.14981402489515122
AydinlikGazete,Sabah,0.19185200768070468
AydinlikGazete,trthaber,0.21019438986290212
AydinlikGazete,bugun,0.19156554783208082
AydinlikGazete,ulusalkanalcom,0.5125214285394576
AydinlikGazete,ozgurgundemweb,0.08643945065599726
AydinlikGazete,milligazetecom,0.1033659812513126
AydinlikGazete,imc_televizyonu,0.08500248414399979
AydinlikGazete,bbcturkce,0.37425979222709105
AydinlikGazete,zamancomtr,0.2378825246064534
AydinlikGazete,turkiyegazetesi,0.06816900954865304
AydinlikGazete,BirGun_Gazetesi,0.357900249309587
AydinlikGazete,Taraf_Medya,0.10804907415281738
AydinlikGazete,zaytung,0.077147217982517
AydinlikGazete,postacomtr,0.14596162745167834
AydinlikGazete,milliyet,0.293276697834095
AydinlikGazete,t24comtr,0.22298661247801196
AydinlikGazete,ihacomtr,0.14389236271187958
AydinlikGazete,radikal,0.3627118795794411
AydinlikGazete,HaberMynet,0.1171459897107194
AydinlikGazete,dhainternet,0.29986079841730934
AydinlikGazete,Cihan_Haber,0.275672844949131
AydinlikGazete,evrenselgzt,0.22596366578591384
AydinlikGazete,ntv,0.06089509750824691
AydinlikGazete,yurtgazetesi,0.6191035316918594
AydinlikGazete,SozcuGazetesi,0.26494182264941823
yenisafak,tvahaber,0.51523997820651
yenisafak,stargazete,0.465348112935959
yenisafak,SHaberTV,0.1909119243223438
yenisafak,AkitGazetem,0.6730508183676335
yenisafak,Haber7,0.5223181040615357
yenisafak,Haberturk,0.2873338424825545
yenisafak,Vatan,0.4075478399857923
yenisafak,cnnturk,0.18668884082900913
yenisafak,AydinlikGazete,0.14680619648460055
yenisafak,yenisafak,1.0
yenisafak,Halk_TV,0.0343633088540945
yenisafak,Aksam,0.24582628494750292
yenisafak,cumhuriyetgzt,0.08029333333333333
yenisafak,medyatavacom,0.12035906916102201
yenisafak,Hurriyet,0.1776026685129274
yenisafak,Sabah,0.586268673761447
yenisafak,trthaber,0.5951954395456676
yenisafak,bugun,0.2028417770924224
yenisafak,ulusalkanalcom,0.08870827723343128
yenisafak,ozgurgundemweb,0.08690582849568601
yenisafak,milligazetecom,0.2711113656757737
yenisafak,imc_televizyonu,0.06472586981913425
yenisafak,bbcturkce,0.2800463468543381
yenisafak,zamancomtr,0.2907741685283922
yenisafak,turkiyegazetesi,0.3327778046149139
yenisafak,BirGun_Gazetesi,0.10259832646933566
yenisafak,Taraf_Medya,0.12227079854978752
yenisafak,zaytung,0.06267055904108644
yenisafak,postacomtr,0.18545545153596982
yenisafak,milliyet,0.32888422565303144
yenisafak,t24comtr,0.12893431813509434
yenisafak,ihacomtr,0.4525071161076272
yenisafak,radikal,0.25090588114934487
yenisafak,HaberMynet,0.2166277773092313
yenisafak,dhainternet,0.27637999662153323
yenisafak,Cihan_Haber,0.3050065547014221
yenisafak,evrenselgzt,0.12677151417843463
yenisafak,ntv,0.10713308542048826
yenisafak,yurtgazetesi,0.18129540165656366
yenisafak,SozcuGazetesi,0.06735564067355641
Halk_TV,tvahaber,0.040752544147306516
Halk_TV,stargazete,0.03474820254645667
Halk_TV,SHaberTV,0.04558680892337536
Halk_TV,AkitGazetem,0.008744784690468493
Halk_TV,Haber7,0.034178559881760655
Halk_TV,Haberturk,0.043185072283035426
Halk_TV,Vatan,0.06609394485243175
Halk_TV,cnnturk,0.04378550644312041
Halk_TV,AydinlikGazete,0.22285344787769618
Halk_TV,yenisafak,0.0343633088540945
Halk_TV,Halk_TV,1.0
Halk_TV,Aksam,0.031746031746031744
Halk_TV,cumhuriyetgzt,0.006974273705602513
Halk_TV,medyatavacom,0.12139547057102829
Halk_TV,Hurriyet,0.039951965267193204
Halk_TV,Sabah,0.06740258340646313
Halk_TV,trthaber,0.07126691607777932
Halk_TV,bugun,0.0615060120394747
Halk_TV,ulusalkanalcom,0.3012178036426339
Halk_TV,ozgurgundemweb,0.018813603682662848
Halk_TV,milligazetecom,0.008305172117532504
Halk_TV,imc_televizyonu,0.05109848659800163
Halk_TV,bbcturkce,0.25479962434375625
Halk_TV,zamancomtr,0.08994195803119179
Halk_TV,turkiyegazetesi,0.008452265484273244
Halk_TV,BirGun_Gazetesi,0.20080673717919112
Halk_TV,Taraf_Medya,0.04166089326128124
Halk_TV,zaytung,0.024232906871122197
Halk_TV,postacomtr,0.02765813547858897
Halk_TV,milliyet,0.140363031730636
Halk_TV,t24comtr,0.11309716256369991
Halk_TV,ihacomtr,0.04564839191415331
Halk_TV,radikal,0.2181885363262667
Halk_TV,HaberMynet,0.035194679229596786
Halk_TV,dhainternet,0.15518913676042678
Halk_TV,Cihan_Haber,0.13391221344664603
Halk_TV,evrenselgzt,0.08583129339676382
Halk_TV,ntv,0.015441934937570243
Halk_TV,yurtgazetesi,0.15404985143103475
Halk_TV,SozcuGazetesi,0.09510732095107322
Aksam,tvahaber,0.27155513648534
Aksam,stargazete,0.4460829144600493
Aksam,SHaberTV,0.120956897998152
Aksam,AkitGazetem,0.2961336225055
Aksam,Haber7,0.24945469669793152
Aksam,Haberturk,0.3560718311556649
Aksam,Vatan,0.4408915330994983
Aksam,cnnturk,0.29631415141826123
Aksam,AydinlikGazete,0.11831686935192935
Aksam,yenisafak,0.24582628494750292
Aksam,Halk_TV,0.031746031746031744
Aksam,Aksam,1.0
Aksam,cumhuriyetgzt,0.057813333333333335
Aksam,medyatavacom,0.22153374972528056
Aksam,Hurriyet,0.2998967291254587
Aksam,Sabah,0.4990559104261046
Aksam,trthaber,0.3080189715922384
Aksam,bugun,0.1511064924118709
Aksam,ulusalkanalcom,0.07193563498537307
Aksam,ozgurgundemweb,0.06340283999558169
Aksam,milligazetecom,0.14134066479561638
Aksam,imc_televizyonu,0.04991682299224861
Aksam,bbcturkce,0.3533069130043317
Aksam,zamancomtr,0.3317759990925397
Aksam,turkiyegazetesi,0.2192647698178832
Aksam,BirGun_Gazetesi,0.08327906567733165
Aksam,Taraf_Medya,0.32385612399509733
Aksam,zaytung,0.0707204620485444
Aksam,postacomtr,0.22550101448759477
Aksam,milliyet,0.41128511977767224
Aksam,t24comtr,0.22353094554006148
Aksam,ihacomtr,0.2853402659380558
Aksam,radikal,0.19205310533392886
Aksam,HaberMynet,0.18673451219626475
Aksam,dhainternet,0.202290392027583
Aksam,Cihan_Haber,0.1945060840015219
Aksam,evrenselgzt,0.10149306565190458
Aksam,ntv,0.17385663544908653
Aksam,yurtgazetesi,0.15192711685776328
Aksam,SozcuGazetesi,0.06930693069306931
cumhuriyetgzt,tvahaber,0.09385333333333333
cumhuriyetgzt,stargazete,0.09457333333333333
cumhuriyetgzt,SHaberTV,0.08212
cumhuriyetgzt,AkitGazetem,0.02428
cumhuriyetgzt,Haber7,0.08122666666666667
cumhuriyetgzt,Haberturk,0.2486
cumhuriyetgzt,Vatan,0.02664
cumhuriyetgzt,cnnturk,0.45916
cumhuriyetgzt,AydinlikGazete,0.06628
cumhuriyetgzt,yenisafak,0.08029333333333333
cumhuriyetgzt,Halk_TV,0.006974273705602513
cumhuriyetgzt,Aksam,0.057813333333333335
cumhuriyetgzt,cumhuriyetgzt,1.0
cumhuriyetgzt,medyatavacom,0.07430666666666666
cumhuriyetgzt,Hurriyet,0.42393333333333333
cumhuriyetgzt,Sabah,0.13594666666666666
cumhuriyetgzt,trthaber,0.15165333333333333
cumhuriyetgzt,bugun,0.14592
cumhuriyetgzt,ulusalkanalcom,0.04837333333333333
cumhuriyetgzt,ozgurgundemweb,0.055266666666666665
cumhuriyetgzt,milligazetecom,0.020085151879641827
cumhuriyetgzt,imc_televizyonu,0.12257333333333334
cumhuriyetgzt,bbcturkce,0.30437333333333333
cumhuriyetgzt,zamancomtr,0.16153333333333333
cumhuriyetgzt,turkiyegazetesi,0.016813333333333333
cumhuriyetgzt,BirGun_Gazetesi,0.2604666666666667
cumhuriyetgzt,Taraf_Medya,0.13368
cumhuriyetgzt,zaytung,0.40285333333333334
cumhuriyetgzt,postacomtr,0.013081550564197486
cumhuriyetgzt,milliyet,0.24857333333333334
cumhuriyetgzt,t24comtr,0.20382666666666666
cumhuriyetgzt,ihacomtr,0.07613333333333333
cumhuriyetgzt,radikal,0.43436
cumhuriyetgzt,HaberMynet,0.017346666666666666
cumhuriyetgzt,dhainternet,0.24486666666666668
cumhuriyetgzt,Cihan_Haber,0.20765333333333333
cumhuriyetgzt,evrenselgzt,0.09278666666666667
cumhuriyetgzt,ntv,0.43437333333333333
cumhuriyetgzt,yurtgazetesi,0.05061333333333334
cumhuriyetgzt,SozcuGazetesi,0.0172002601720026
medyatavacom,tvahaber,0.13083086675060307
medyatavacom,stargazete,0.2341081180103634
medyatavacom,SHaberTV,0.10449098574282813
medyatavacom,AkitGazetem,0.1185813920831318
medyatavacom,Haber7,0.12401915741395654
medyatavacom,Haberturk,0.26063707320513324
medyatavacom,Vatan,0.3065488611641433
medyatavacom,cnnturk,0.20866978766300706
medyatavacom,AydinlikGazete,0.18798927565941714
medyatavacom,yenisafak,0.12035906916102201
medyatavacom,Halk_TV,0.12139547057102829
medyatavacom,Aksam,0.22153374972528056
medyatavacom,cumhuriyetgzt,0.07430666666666666
medyatavacom,medyatavacom,1.0
medyatavacom,Hurriyet,0.22181406356627414
medyatavacom,Sabah,0.2852351429442597
medyatavacom,trthaber,0.19672648000149343
medyatavacom,bugun,0.11897487225412211
medyatavacom,ulusalkanalcom,0.13462338538749063
medyatavacom,ozgurgundemweb,0.11572306974803323
medyatavacom,milligazetecom,0.1232220249346087
medyatavacom,imc_televizyonu,0.09173539093193643
medyatavacom,bbcturkce,0.5657576782110344
medyatavacom,zamancomtr,0.25806090298707146
medyatavacom,turkiyegazetesi,0.1034249553161683
medyatavacom,BirGun_Gazetesi,0.1649562452169201
medyatavacom,Taraf_Medya,0.26488574912096147
medyatavacom,zaytung,0.061583328320656446
medyatavacom,postacomtr,0.25013348520983875
medyatavacom,milliyet,0.41816096293177296
medyatavacom,t24comtr,0.29630047485095096
medyatavacom,ihacomtr,0.1900635938829092
medyatavacom,radikal,0.326841743913746
medyatavacom,HaberMynet,0.20505467937364708
medyatavacom,dhainternet,0.1994976260653667
medyatavacom,Cihan_Haber,0.1781353256822599
medyatavacom,evrenselgzt,0.18694926610955892
medyatavacom,ntv,0.11086243624393552
medyatavacom,yurtgazetesi,0.24385154586672514
medyatavacom,SozcuGazetesi,0.14385343643853438
Hurriyet,tvahaber,0.21219842966518024
Hurriyet,stargazete,0.3980886996877017
Hurriyet,SHaberTV,0.11087325762573871
Hurriyet,AkitGazetem,0.17064018348910143
Hurriyet,Haber7,0.17075632069294858
Hurriyet,Haberturk,0.5156239105464607
Hurriyet,Vatan,0.214713848066421
Hurriyet,cnnturk,0.5746764208309021
Hurriyet,AydinlikGazete,0.14981402489515122
Hurriyet,yenisafak,0.1776026685129274
Hurriyet,Halk_TV,0.039951965267193204
Hurriyet,Aksam,0.2998967291254587
Hurriyet,cumhuriyetgzt,0.42393333333333333
Hurriyet,medyatavacom,0.22181406356627414
Hurriyet,Hurriyet,1.0
Hurriyet,Sabah,0.3261446621757135
Hurriyet,trthaber,0.18556638045234405
Hurriyet,bugun,0.17119384329519713
Hurriyet,ulusalkanalcom,0.09819857891167828
Hurriyet,ozgurgundemweb,0.14715448152284638
Hurriyet,milligazetecom,0.12095003532084693
Hurriyet,imc_televizyonu,0.1328425299968145
Hurriyet,bbcturkce,0.3672692376852759
Hurriyet,zamancomtr,0.19158836259574785
Hurriyet,turkiyegazetesi,0.0987713959068
Hurriyet,BirGun_Gazetesi,0.17201737832557742
Hurriyet,Taraf_Medya,0.4511003664134907
Hurriyet,zaytung,0.19617835772085254
Hurriyet,postacomtr,0.14446659310148435
Hurriyet,milliyet,0.4600493946766777
Hurriyet,t24comtr,0.30295440528303025
Hurriyet,ihacomtr,0.21191087282328117
Hurriyet,radikal,0.2042460172324337
Hurriyet,HaberMynet,0.1429816423491046
Hurriyet,dhainternet,0.2692019482952417
Hurriyet,Cihan_Haber,0.15954015025222457
Hurriyet,evrenselgzt,0.1576252544279953
Hurriyet,ntv,0.3574595466533582
Hurriyet,yurtgazetesi,0.1740452831790178
Hurriyet,SozcuGazetesi,0.1308809713088097
Sabah,tvahaber,0.56778077844522
Sabah,stargazete,0.7422688731091998
Sabah,SHaberTV,0.23908018547892773
Sabah,AkitGazetem,0.5401538437534131
Sabah,Haber7,0.4834261389461207
Sabah,Haberturk,0.4012906574802685
Sabah,Vatan,0.5546508014030103
Sabah,cnnturk,0.3183358304920779
Sabah,AydinlikGazete,0.19185200768070468
Sabah,yenisafak,0.586268673761447
Sabah,Halk_TV,0.06740258340646313
Sabah,Aksam,0.4990559104261046
Sabah,cumhuriyetgzt,0.13594666666666666
Sabah,medyatavacom,0.2852351429442597
Sabah,Hurriyet,0.3261446621757135
Sabah,Sabah,1.0
Sabah,trthaber,0.4342413553083303
Sabah,bugun,0.2604220043771221
Sabah,ulusalkanalcom,0.13209438542352558
Sabah,ozgurgundemweb,0.11949091176867659
Sabah,milligazetecom,0.25410008209710366
Sabah,imc_televizyonu,0.09912221710968747
Sabah,bbcturkce,0.37153239031181057
Sabah,zamancomtr,0.29090640963628
Sabah,turkiyegazetesi,0.33432362365747226
Sabah,BirGun_Gazetesi,0.14796531940278643
Sabah,Taraf_Medya,0.44120173330631074
Sabah,zaytung,0.0804183429090523
Sabah,postacomtr,0.3866443598049336
Sabah,milliyet,0.47369371069924376
Sabah,t24comtr,0.29000255727544866
Sabah,ihacomtr,0.5554688161669128
Sabah,radikal,0.2133531312311433
Sabah,HaberMynet,0.3762990451022837
Sabah,dhainternet,0.34211241634158346
Sabah,Cihan_Haber,0.2567306790217007
Sabah,evrenselgzt,0.16833335440397476
Sabah,ntv,0.19569269610561213
Sabah,yurtgazetesi,0.2277668927760527
Sabah,SozcuGazetesi,0.12181108621811086
trthaber,tvahaber,0.7051010478018048
trthaber,stargazete,0.5253480642741246
trthaber,SHaberTV,0.3628653780466692
trthaber,AkitGazetem,0.6476182303287513
trthaber,Haber7,0.6895787406068106
trthaber,Haberturk,0.2830690037064981
trthaber,Vatan,0.5343959508058429
trthaber,cnnturk,0.20904183823686287
trthaber,AydinlikGazete,0.21019438986290212
trthaber,yenisafak,0.5951954395456676
trthaber,Halk_TV,0.07126691607777932
trthaber,Aksam,0.3080189715922384
trthaber,cumhuriyetgzt,0.15165333333333333
trthaber,medyatavacom,0.19672648000149343
trthaber,Hurriyet,0.18556638045234405
trthaber,Sabah,0.4342413553083303
trthaber,trthaber,1.0
trthaber,bugun,0.32496539966381405
trthaber,ulusalkanalcom,0.1484542634287605
trthaber,ozgurgundemweb,0.12793480528725193
trthaber,milligazetecom,0.3702388452946904
trthaber,imc_televizyonu,0.1098502813860475
trthaber,bbcturkce,0.24539403119975328
trthaber,zamancomtr,0.26065517599302657
trthaber,turkiyegazetesi,0.37420897541181586
trthaber,BirGun_Gazetesi,0.15897650408552266
trthaber,Taraf_Medya,0.20485698936146257
trthaber,zaytung,0.09815404407591392
trthaber,postacomtr,0.3119104403232122
trthaber,milliyet,0.3052061654715748
trthaber,t24comtr,0.20383240318706722
trthaber,ihacomtr,0.7255778500333251
trthaber,radikal,0.23423205582618353
trthaber,HaberMynet,0.4393372878655834
trthaber,dhainternet,0.4412738118851887
trthaber,Cihan_Haber,0.3683026983336581
trthaber,evrenselgzt,0.17825762651866647
trthaber,ntv,0.14517214559884867
trthaber,yurtgazetesi,0.24980017966147253
trthaber,SozcuGazetesi,0.1197513911975139
bugun,tvahaber,0.21968220369421443
bugun,stargazete,0.20976663330348205
bugun,SHaberTV,0.5210906409083725
bugun,AkitGazetem,0.2046621210466368
bugun,Haber7,0.2232020994861431
bugun,Haberturk,0.23089319151585389
bugun,Vatan,0.37389335346090663
bugun,cnnturk,0.1808579925579346
bugun,AydinlikGazete,0.19156554783208082
bugun,yenisafak,0.2028417770924224
bugun,Halk_TV,0.0615060120394747
bugun,Aksam,0.1511064924118709
bugun,cumhuriyetgzt,0.14592
bugun,medyatavacom,0.11897487225412211
bugun,Hurriyet,0.17119384329519713
bugun,Sabah,0.2604220043771221
bugun,trthaber,0.32496539966381405
bugun,bugun,1.0
bugun,ulusalkanalcom,0.11672710714508008
bugun,ozgurgundemweb,0.11488849887701126
bugun,milligazetecom,0.27248601485384805
bugun,imc_televizyonu,0.08373270095211129
bugun,bbcturkce,0.28212802842734885
bugun,zamancomtr,0.681198009702461
bugun,turkiyegazetesi,0.14948553209989857
bugun,BirGun_Gazetesi,0.16252101162283958
bugun,Taraf_Medya,0.3231419554706274
bugun,zaytung,0.09958910604224833
bugun,postacomtr,0.2096073755027943
bugun,milliyet,0.28992926685599074
bugun,t24comtr,0.21929138398744427
bugun,ihacomtr,0.30230845426727104
bugun,radikal,0.28386403145398037
bugun,HaberMynet,0.1975110811241367
bugun,dhainternet,0.29161977463088984
bugun,Cihan_Haber,0.5993041620971874
bugun,evrenselgzt,0.16478084425846093
bugun,ntv,0.09216859103599871
bugun,yurtgazetesi,0.2569654187031837
bugun,SozcuGazetesi,0.12369010623690106
ulusalkanalcom,tvahaber,0.09861789496787973
ulusalkanalcom,stargazete,0.09119796631712743
ulusalkanalcom,SHaberTV,0.09701270069023354
ulusalkanalcom,AkitGazetem,0.07316159835234276
ulusalkanalcom,Haber7,0.09120779403719464
ulusalkanalcom,Haberturk,0.11973766539233896
ulusalkanalcom,Vatan,0.21337299649247435
ulusalkanalcom,cnnturk,0.09562371625406622
ulusalkanalcom,AydinlikGazete,0.5125214285394576
ulusalkanalcom,yenisafak,0.08870827723343128
ulusalkanalcom,Halk_TV,0.3012178036426339
ulusalkanalcom,Aksam,0.07193563498537307
ulusalkanalcom,cumhuriyetgzt,0.04837333333333333
ulusalkanalcom,medyatavacom,0.13462338538749063
ulusalkanalcom,Hurriyet,0.09819857891167828
ulusalkanalcom,Sabah,0.13209438542352558
ulusalkanalcom,trthaber,0.1484542634287605
ulusalkanalcom,bugun,0.11672710714508008
ulusalkanalcom,ulusalkanalcom,1.0
ulusalkanalcom,ozgurgundemweb,0.05844450717362756
ulusalkanalcom,milligazetecom,0.05844168241785517
ulusalkanalcom,imc_televizyonu,0.05044066116872545
ulusalkanalcom,bbcturkce,0.27167749353827403
ulusalkanalcom,zamancomtr,0.15185465457201916
ulusalkanalcom,turkiyegazetesi,0.04821023138978793
ulusalkanalcom,BirGun_Gazetesi,0.21986247743719267
ulusalkanalcom,Taraf_Medya,0.05747250695311195
ulusalkanalcom,zaytung,0.05511057823028969
ulusalkanalcom,postacomtr,0.11495746271313138
ulusalkanalcom,milliyet,0.2175136523411267
ulusalkanalcom,t24comtr,0.12926400204416577
ulusalkanalcom,ihacomtr,0.10193064694900338
ulusalkanalcom,radikal,0.2521924005516627
ulusalkanalcom,HaberMynet,0.10307085359796839
ulusalkanalcom,dhainternet,0.20251655151854656
ulusalkanalcom,Cihan_Haber,0.18313628754598554
ulusalkanalcom,evrenselgzt,0.16983147700982312
ulusalkanalcom,ntv,0.046180456595874324
ulusalkanalcom,yurtgazetesi,0.46661762521485106
ulusalkanalcom,SozcuGazetesi,0.24383898243838983
ozgurgundemweb,tvahaber,0.08546987567348642
ozgurgundemweb,stargazete,0.08896770947115208
ozgurgundemweb,SHaberTV,0.07151535978595712
ozgurgundemweb,AkitGazetem,0.029148614980547136
ozgurgundemweb,Haber7,0.08064654696302115
ozgurgundemweb,Haberturk,0.18813436591023455
ozgurgundemweb,Vatan,0.05147338578038513
ozgurgundemweb,cnnturk,0.26822862332625586
ozgurgundemweb,AydinlikGazete,0.08643945065599726
ozgurgundemweb,yenisafak,0.08690582849568601
ozgurgundemweb,Halk_TV,0.018813603682662848
ozgurgundemweb,Aksam,0.06340283999558169
ozgurgundemweb,cumhuriyetgzt,0.055266666666666665
ozgurgundemweb,medyatavacom,0.11572306974803323
ozgurgundemweb,Hurriyet,0.14715448152284638
ozgurgundemweb,Sabah,0.11949091176867659
ozgurgundemweb,trthaber,0.12793480528725193
ozgurgundemweb,bugun,0.11488849887701126
ozgurgundemweb,ulusalkanalcom,0.05844450717362756
ozgurgundemweb,ozgurgundemweb,1.0
ozgurgundemweb,milligazetecom,0.019722397235427763
ozgurgundemweb,imc_televizyonu,0.7469777488678064
ozgurgundemweb,bbcturkce,0.4075160470796156
ozgurgundemweb,zamancomtr,0.1591084819401318
ozgurgundemweb,turkiyegazetesi,0.020790633169282882
ozgurgundemweb,BirGun_Gazetesi,0.46299046380048847
ozgurgundemweb,Taraf_Medya,0.1907976288368782
ozgurgundemweb,zaytung,0.10351133420881455
ozgurgundemweb,postacomtr,0.027230982807104974
ozgurgundemweb,milliyet,0.21047140981111698
ozgurgundemweb,t24comtr,0.3888118410878877
ozgurgundemweb,ihacomtr,0.09962076117772678
ozgurgundemweb,radikal,0.5557260152922839
ozgurgundemweb,HaberMynet,0.037469777488678066
ozgurgundemweb,dhainternet,0.30668024889848916
ozgurgundemweb,Cihan_Haber,0.22742056235348987
ozgurgundemweb,evrenselgzt,0.4505700855435143
ozgurgundemweb,ntv,0.1142993900268781
ozgurgundemweb,yurtgazetesi,0.10249266682212595
ozgurgundemweb,SozcuGazetesi,0.016911180169111802
milligazetecom,tvahaber,0.2390553105370678
milligazetecom,stargazete,0.2269889455295263
milligazetecom,SHaberTV,0.25324092636080725
milligazetecom,AkitGazetem,0.14472001069171583
milligazetecom,Haber7,0.28621341428489605
milligazetecom,Haberturk,0.20209252152662427
milligazetecom,Vatan,0.09334249766118716
milligazetecom,cnnturk,0.1282814976039101
milligazetecom,AydinlikGazete,0.1033659812513126
milligazetecom,yenisafak,0.2711113656757737
milligazetecom,Halk_TV,0.008305172117532504
milligazetecom,Aksam,0.14134066479561638
milligazetecom,cumhuriyetgzt,0.020085151879641827
milligazetecom,medyatavacom,0.1232220249346087
milligazetecom,Hurriyet,0.12095003532084693
milligazetecom,Sabah,0.25410008209710366
milligazetecom,trthaber,0.3702388452946904
milligazetecom,bugun,0.27248601485384805
milligazetecom,ulusalkanalcom,0.05844168241785517
milligazetecom,ozgurgundemweb,0.019722397235427763
milligazetecom,milligazetecom,1.0
milligazetecom,imc_televizyonu,0.04635622506061821
milligazetecom,bbcturkce,0.31095709949023426
milligazetecom,zamancomtr,0.33499436775683983
milligazetecom,turkiyegazetesi,0.09152872444011685
milligazetecom,BirGun_Gazetesi,0.1804608893216488
milligazetecom,Taraf_Medya,0.2117150657731447
milligazetecom,zaytung,0.06901884414914944
milligazetecom,postacomtr,0.04765450483991065
milligazetecom,milliyet,0.2495179181701892
milligazetecom,t24comtr,0.21074135593867538
milligazetecom,ihacomtr,0.21469347232563912
milligazetecom,radikal,0.27059587223399584
milligazetecom,HaberMynet,0.06623136109360979
milligazetecom,dhainternet,0.2857170131928136
milligazetecom,Cihan_Haber,0.35349485461175706
milligazetecom,evrenselgzt,0.06455123432040781
milligazetecom,ntv,0.08205891899116025
milligazetecom,yurtgazetesi,0.08030242281917635
milligazetecom,SozcuGazetesi,0.017417070174170702
imc_televizyonu,tvahaber,0.07058719428025342
imc_televizyonu,stargazete,0.07147205606484267
imc_televizyonu,SHaberTV,0.05788411850069019
imc_televizyonu,AkitGazetem,0.045724048618370754
imc_televizyonu,Haber7,0.06552224542526458
imc_televizyonu,Haberturk,0.15987682723958518
imc_televizyonu,Vatan,0.09408160546996404
imc_televizyonu,cnnturk,0.25069550136268715
imc_televizyonu,AydinlikGazete,0.08500248414399979
imc_televizyonu,yenisafak,0.06472586981913425
imc_televizyonu,Halk_TV,0.05109848659800163
imc_televizyonu,Aksam,0.04991682299224861
imc_televizyonu,cumhuriyetgzt,0.12257333333333334
imc_televizyonu,medyatavacom,0.09173539093193643
imc_televizyonu,Hurriyet,0.1328425299968145
imc_televizyonu,Sabah,0.09912221710968747
imc_televizyonu,trthaber,0.1098502813860475
imc_televizyonu,bugun,0.08373270095211129
imc_televizyonu,ulusalkanalcom,0.05044066116872545
imc_televizyonu,ozgurgundemweb,0.7469777488678064
imc_televizyonu,milligazetecom,0.04635622506061821
imc_televizyonu,imc_televizyonu,1.0
imc_televizyonu,bbcturkce,0.2966835380313595
imc_televizyonu,zamancomtr,0.11985983789332107
imc_televizyonu,turkiyegazetesi,0.031834210907685616
imc_televizyonu,BirGun_Gazetesi,0.32709446784412277
imc_televizyonu,Taraf_Medya,0.12098892153045694
imc_televizyonu,zaytung,0.11552401514883376
imc_televizyonu,postacomtr,0.06316520129569644
imc_televizyonu,milliyet,0.16506211729727815
imc_televizyonu,t24comtr,0.25840441723002866
imc_televizyonu,ihacomtr,0.07124945225303517
imc_televizyonu,radikal,0.4351325522953315
imc_televizyonu,HaberMynet,0.06808917376514577
imc_televizyonu,dhainternet,0.20686652744841255
imc_televizyonu,Cihan_Haber,0.16115456765653205
imc_televizyonu,evrenselgzt,0.4896079596455075
imc_televizyonu,ntv,0.1493894453686334
imc_televizyonu,yurtgazetesi,0.1511349087899729
imc_televizyonu,SozcuGazetesi,0.04209727542097275
bbcturkce,tvahaber,0.28330512879637626
bbcturkce,stargazete,0.4731166146169548
bbcturkce,SHaberTV,0.2344829845075497
bbcturkce,AkitGazetem,0.27022514861681046
bbcturkce,Haber7,0.2716891822894454
bbcturkce,Haberturk,0.398800179361222
bbcturkce,Vatan,0.5129334458109488
bbcturkce,cnnturk,0.38356564709191515
bbcturkce,AydinlikGazete,0.37425979222709105
bbcturkce,yenisafak,0.2800463468543381
bbcturkce,Halk_TV,0.25479962434375625
bbcturkce,Aksam,0.3533069130043317
bbcturkce,cumhuriyetgzt,0.30437333333333333
bbcturkce,medyatavacom,0.5657576782110344
bbcturkce,Hurriyet,0.3672692376852759
bbcturkce,Sabah,0.37153239031181057
bbcturkce,trthaber,0.24539403119975328
bbcturkce,bugun,0.28212802842734885
bbcturkce,ulusalkanalcom,0.27167749353827403
bbcturkce,ozgurgundemweb,0.4075160470796156
bbcturkce,milligazetecom,0.31095709949023426
bbcturkce,imc_televizyonu,0.2966835380313595
bbcturkce,bbcturkce,1.0
bbcturkce,zamancomtr,0.29017057433650345
bbcturkce,turkiyegazetesi,0.2040561647585463
bbcturkce,BirGun_Gazetesi,0.39185367221701994
bbcturkce,Taraf_Medya,0.5458049033138063
bbcturkce,zaytung,0.1267844691052384
bbcturkce,postacomtr,0.36546470651051866
bbcturkce,milliyet,0.4812362068965517
bbcturkce,t24comtr,0.5153536812230797
bbcturkce,ihacomtr,0.41899789002345644
bbcturkce,radikal,0.4236490911719926
bbcturkce,HaberMynet,0.3984894061641974
bbcturkce,dhainternet,0.4263622271688743
bbcturkce,Cihan_Haber,0.30735167824951104
bbcturkce,evrenselgzt,0.4562763119634888
bbcturkce,ntv,0.22630322673500325
bbcturkce,yurtgazetesi,0.4527822771737977
bbcturkce,SozcuGazetesi,0.2922237479222375
zamancomtr,tvahaber,0.2599279318713873
zamancomtr,stargazete,0.435200289617391
zamancomtr,SHaberTV,0.7834262131697525
zamancomtr,AkitGazetem,0.266776926557551
zamancomtr,Haber7,0.29806920275273263
zamancomtr,Haberturk,0.22904931286991906
zamancomtr,Vatan,0.42859299382853083
zamancomtr,cnnturk,0.19648136718405576
zamancomtr,AydinlikGazete,0.2378825246064534
zamancomtr,yenisafak,0.2907741685283922
zamancomtr,Halk_TV,0.08994195803119179
zamancomtr,Aksam,0.3317759990925397
zamancomtr,cumhuriyetgzt,0.16153333333333333
zamancomtr,medyatavacom,0.25806090298707146
zamancomtr,Hurriyet,0.19158836259574785
zamancomtr,Sabah,0.29090640963628
zamancomtr,trthaber,0.26065517599302657
zamancomtr,bugun,0.681198009702461
zamancomtr,ulusalkanalcom,0.15185465457201916
zamancomtr,ozgurgundemweb,0.1591084819401318
zamancomtr,milligazetecom,0.33499436775683983
zamancomtr,imc_televizyonu,0.11985983789332107
zamancomtr,bbcturkce,0.29017057433650345
zamancomtr,zamancomtr,1.0
zamancomtr,turkiyegazetesi,0.18520844403651998
zamancomtr,BirGun_Gazetesi,0.2076795467185101
zamancomtr,Taraf_Medya,0.6289379799325079
zamancomtr,zaytung,0.07355355574330923
zamancomtr,postacomtr,0.27675933506567474
zamancomtr,milliyet,0.2876593379487998
zamancomtr,t24comtr,0.38992934899789905
zamancomtr,ihacomtr,0.41652336255877925
zamancomtr,radikal,0.21042718986904954
zamancomtr,HaberMynet,0.2678680198288868
zamancomtr,dhainternet,0.3037801482526319
zamancomtr,Cihan_Haber,0.530663144904631
zamancomtr,evrenselgzt,0.22353000670046397
zamancomtr,ntv,0.10882805620258647
zamancomtr,yurtgazetesi,0.3008127205981171
zamancomtr,SozcuGazetesi,0.15382669653826697
turkiyegazetesi,tvahaber,0.33619953947474357
turkiyegazetesi,stargazete,0.31455807287892695
turkiyegazetesi,SHaberTV,0.13050094198347906
turkiyegazetesi,AkitGazetem,0.17867896880988035
turkiyegazetesi,Haber7,0.32516947651482214
turkiyegazetesi,Haberturk,0.15425985862196673
turkiyegazetesi,Vatan,0.12992940549660348
turkiyegazetesi,cnnturk,0.10121894272418401
turkiyegazetesi,AydinlikGazete,0.06816900954865304
turkiyegazetesi,yenisafak,0.3327778046149139
turkiyegazetesi,Halk_TV,0.008452265484273244
turkiyegazetesi,Aksam,0.2192647698178832
turkiyegazetesi,cumhuriyetgzt,0.016813333333333333
turkiyegazetesi,medyatavacom,0.1034249553161683
turkiyegazetesi,Hurriyet,0.0987713959068
turkiyegazetesi,Sabah,0.33432362365747226
turkiyegazetesi,trthaber,0.37420897541181586
turkiyegazetesi,bugun,0.14948553209989857
turkiyegazetesi,ulusalkanalcom,0.04821023138978793
turkiyegazetesi,ozgurgundemweb,0.020790633169282882
turkiyegazetesi,milligazetecom,0.09152872444011685
turkiyegazetesi,imc_televizyonu,0.031834210907685616
turkiyegazetesi,bbcturkce,0.2040561647585463
turkiyegazetesi,zamancomtr,0.18520844403651998
turkiyegazetesi,turkiyegazetesi,1.0
turkiyegazetesi,BirGun_Gazetesi,0.08369160910100962
turkiyegazetesi,Taraf_Medya,0.07498832584577235
turkiyegazetesi,zaytung,0.03552968455630163
turkiyegazetesi,postacomtr,0.0996155625956644
turkiyegazetesi,milliyet,0.2025022945751413
turkiyegazetesi,t24comtr,0.10529281999259295
turkiyegazetesi,ihacomtr,0.2817255205062557
turkiyegazetesi,radikal,0.1768916155419223
turkiyegazetesi,HaberMynet,0.07568899759167112
turkiyegazetesi,dhainternet,0.19783263288407968
turkiyegazetesi,Cihan_Haber,0.20554562581517802
turkiyegazetesi,evrenselgzt,0.04558555947377743
turkiyegazetesi,ntv,0.06300822826594528
turkiyegazetesi,yurtgazetesi,0.059369112603255884
turkiyegazetesi,SozcuGazetesi,0.023885235238852352
BirGun_Gazetesi,tvahaber,0.10506138979070906
BirGun_Gazetesi,stargazete,0.10723130380222172
BirGun_Gazetesi,SHaberTV,0.11702800211049687
BirGun_Gazetesi,AkitGazetem,0.11077998470924155
BirGun_Gazetesi,Haber7,0.10082613593691325
BirGun_Gazetesi,Haberturk,0.16426462968860664
BirGun_Gazetesi,Vatan,0.29883230475513917
BirGun_Gazetesi,cnnturk,0.20096065634551305
BirGun_Gazetesi,AydinlikGazete,0.357900249309587
BirGun_Gazetesi,yenisafak,0.10259832646933566
BirGun_Gazetesi,Halk_TV,0.20080673717919112
BirGun_Gazetesi,Aksam,0.08327906567733165
BirGun_Gazetesi,cumhuriyetgzt,0.2604666666666667
BirGun_Gazetesi,medyatavacom,0.1649562452169201
BirGun_Gazetesi,Hurriyet,0.17201737832557742
BirGun_Gazetesi,Sabah,0.14796531940278643
BirGun_Gazetesi,trthaber,0.15897650408552266
BirGun_Gazetesi,bugun,0.16252101162283958
BirGun_Gazetesi,ulusalkanalcom,0.21986247743719267
BirGun_Gazetesi,ozgurgundemweb,0.46299046380048847
BirGun_Gazetesi,milligazetecom,0.1804608893216488
BirGun_Gazetesi,imc_televizyonu,0.32709446784412277
BirGun_Gazetesi,bbcturkce,0.39185367221701994
BirGun_Gazetesi,zamancomtr,0.2076795467185101
BirGun_Gazetesi,turkiyegazetesi,0.08369160910100962
BirGun_Gazetesi,BirGun_Gazetesi,1.0
BirGun_Gazetesi,Taraf_Medya,0.18328395276193418
BirGun_Gazetesi,zaytung,0.1322411670477286
BirGun_Gazetesi,postacomtr,0.2058341935713523
BirGun_Gazetesi,milliyet,0.2413548058960818
BirGun_Gazetesi,t24comtr,0.3289383295475628
BirGun_Gazetesi,ihacomtr,0.1583844870694893
BirGun_Gazetesi,radikal,0.4723781592094193
BirGun_Gazetesi,HaberMynet,0.15917460852942003
BirGun_Gazetesi,dhainternet,0.27303840248696387
BirGun_Gazetesi,Cihan_Haber,0.2513368856861729
BirGun_Gazetesi,evrenselgzt,0.6653939999241457
BirGun_Gazetesi,ntv,0.10211667625263218
BirGun_Gazetesi,yurtgazetesi,0.5106629791267321
BirGun_Gazetesi,SozcuGazetesi,0.22215798222157981
Taraf_Medya,tvahaber,0.12427819115910839
Taraf_Medya,stargazete,0.41132568336598563
Taraf_Medya,SHaberTV,0.2434735612882056
Taraf_Medya,AkitGazetem,0.10444524192164266
Taraf_Medya,Haber7,0.12168209206340015
Taraf_Medya,Haberturk,0.48473384354562155
Taraf_Medya,Vatan,0.15948141899391732
Taraf_Medya,cnnturk,0.48125629320799995
Taraf_Medya,AydinlikGazete,0.10804907415281738
Taraf_Medya,yenisafak,0.12227079854978752
Taraf_Medya,Halk_TV,0.04166089326128124
Taraf_Medya,Aksam,0.32385612399509733
Taraf_Medya,cumhuriyetgzt,0.13368
Taraf_Medya,medyatavacom,0.26488574912096147
Taraf_Medya,Hurriyet,0.4511003664134907
Taraf_Medya,Sabah,0.44120173330631074
Taraf_Medya,trthaber,0.20485698936146257
Taraf_Medya,bugun,0.3231419554706274
Taraf_Medya,ulusalkanalcom,0.05747250695311195
Taraf_Medya,ozgurgundemweb,0.1907976288368782
Taraf_Medya,milligazetecom,0.2117150657731447
Taraf_Medya,imc_televizyonu,0.12098892153045694
Taraf_Medya,bbcturkce,0.5458049033138063
Taraf_Medya,zamancomtr,0.6289379799325079
Taraf_Medya,turkiyegazetesi,0.07498832584577235
Taraf_Medya,BirGun_Gazetesi,0.18328395276193418
Taraf_Medya,Taraf_Medya,1.0
Taraf_Medya,zaytung,0.15148736854634537
Taraf_Medya,postacomtr,0.10885273911650589
Taraf_Medya,milliyet,0.5030899048096998
Taraf_Medya,t24comtr,0.40864272593622025
Taraf_Medya,ihacomtr,0.12285366042265813
Taraf_Medya,radikal,0.2780174424402688
Taraf_Medya,HaberMynet,0.09351250550542109
Taraf_Medya,dhainternet,0.23078259358985495
Taraf_Medya,Cihan_Haber,0.348475636237297
Taraf_Medya,evrenselgzt,0.16373784750755382
Taraf_Medya,ntv,0.2786254507786689
Taraf_Medya,yurtgazetesi,0.1531083556731293
Taraf_Medya,SozcuGazetesi,0.08773578087735781
zaytung,tvahaber,0.06879106105077208
zaytung,stargazete,0.09883411553291345
zaytung,SHaberTV,0.06660443483672333
zaytung,AkitGazetem,0.05934530589318313
zaytung,Haber7,0.07148935488586011
zaytung,Haberturk,0.12678122584446402
zaytung,Vatan,0.07517648625849133
zaytung,cnnturk,0.2040594814026022
zaytung,AydinlikGazete,0.077147217982517
zaytung,yenisafak,0.06267055904108644
zaytung,Halk_TV,0.024232906871122197
zaytung,Aksam,0.0707204620485444
zaytung,cumhuriyetgzt,0.40285333333333334
zaytung,medyatavacom,0.061583328320656446
zaytung,Hurriyet,0.19617835772085254
zaytung,Sabah,0.0804183429090523
zaytung,trthaber,0.09815404407591392
zaytung,bugun,0.09958910604224833
zaytung,ulusalkanalcom,0.05511057823028969
zaytung,ozgurgundemweb,0.10351133420881455
zaytung,milligazetecom,0.06901884414914944
zaytung,imc_televizyonu,0.11552401514883376
zaytung,bbcturkce,0.1267844691052384
zaytung,zamancomtr,0.07355355574330923
zaytung,turkiyegazetesi,0.03552968455630163
zaytung,BirGun_Gazetesi,0.1322411670477286
zaytung,Taraf_Medya,0.15148736854634537
zaytung,zaytung,1.0
zaytung,postacomtr,0.03823016409781796
zaytung,milliyet,0.11284709647079173
zaytung,t24comtr,0.14736926556051969
zaytung,ihacomtr,0.07882769261360917
zaytung,radikal,0.11531708431401377
zaytung,HaberMynet,0.05408900508841472
zaytung,dhainternet,0.11243838112240025
zaytung,Cihan_Haber,0.08313667756392215
zaytung,evrenselgzt,0.11015942047307804
zaytung,ntv,0.5131800712436283
zaytung,yurtgazetesi,0.09035415944602021
zaytung,SozcuGazetesi,0.056370600563706005
postacomtr,tvahaber,0.24212437261951375
postacomtr,stargazete,0.23520093973587727
postacomtr,SHaberTV,0.15660484818282133
postacomtr,AkitGazetem,0.06943010714412844
postacomtr,Haber7,0.2075606022852668
postacomtr,Haberturk,0.15701420282632683
postacomtr,Vatan,0.22929199444701526
postacomtr,cnnturk,0.12266400882782187
postacomtr,AydinlikGazete,0.14596162745167834
postacomtr,yenisafak,0.18545545153596982
postacomtr,Halk_TV,0.02765813547858897
postacomtr,Aksam,0.22550101448759477
postacomtr,cumhuriyetgzt,0.013081550564197486
postacomtr,medyatavacom,0.25013348520983875
postacomtr,Hurriyet,0.14446659310148435
postacomtr,Sabah,0.3866443598049336
postacomtr,trthaber,0.3119104403232122
postacomtr,bugun,0.2096073755027943
postacomtr,ulusalkanalcom,0.11495746271313138
postacomtr,ozgurgundemweb,0.027230982807104974
postacomtr,milligazetecom,0.04765450483991065
postacomtr,imc_televizyonu,0.06316520129569644
postacomtr,bbcturkce,0.36546470651051866
postacomtr,zamancomtr,0.27675933506567474
postacomtr,turkiyegazetesi,0.0996155625956644
postacomtr,BirGun_Gazetesi,0.2058341935713523
postacomtr,Taraf_Medya,0.10885273911650589
postacomtr,zaytung,0.03823016409781796
postacomtr,postacomtr,1.0
postacomtr,milliyet,0.2977076139963692
postacomtr,t24comtr,0.16957961057914783
postacomtr,ihacomtr,0.2074716121453743
postacomtr,radikal,0.3656604848182821
postacomtr,HaberMynet,0.14544548464030185
postacomtr,dhainternet,0.34259424055814613
postacomtr,Cihan_Haber,0.2926707720784537
postacomtr,evrenselgzt,0.09828071049727691
postacomtr,ntv,0.053874630690919446
postacomtr,yurtgazetesi,0.12661517103904887
postacomtr,SozcuGazetesi,0.056840355568403556
milliyet,tvahaber,0.35901770046390924
milliyet,stargazete,0.5544995376589843
milliyet,SHaberTV,0.24680769428730517
milliyet,AkitGazetem,0.28858186016757426
milliyet,Haber7,0.3276548712434751
milliyet,Haberturk,0.5029630218164981
milliyet,Vatan,0.5454424366203436
milliyet,cnnturk,0.4292314422204952
milliyet,AydinlikGazete,0.293276697834095
milliyet,yenisafak,0.32888422565303144
milliyet,Halk_TV,0.140363031730636
milliyet,Aksam,0.41128511977767224
milliyet,cumhuriyetgzt,0.24857333333333334
milliyet,medyatavacom,0.41816096293177296
milliyet,Hurriyet,0.4600493946766777
milliyet,Sabah,0.47369371069924376
milliyet,trthaber,0.3052061654715748
milliyet,bugun,0.28992926685599074
milliyet,ulusalkanalcom,0.2175136523411267
milliyet,ozgurgundemweb,0.21047140981111698
milliyet,milligazetecom,0.2495179181701892
milliyet,imc_televizyonu,0.16506211729727815
milliyet,bbcturkce,0.4812362068965517
milliyet,zamancomtr,0.2876593379487998
milliyet,turkiyegazetesi,0.2025022945751413
milliyet,BirGun_Gazetesi,0.2413548058960818
milliyet,Taraf_Medya,0.5030899048096998
milliyet,zaytung,0.11284709647079173
milliyet,postacomtr,0.2977076139963692
milliyet,milliyet,1.0
milliyet,t24comtr,0.36755068168940636
milliyet,ihacomtr,0.45618576631181257
milliyet,radikal,0.3152373742835514
milliyet,HaberMynet,0.39810519805459504
milliyet,dhainternet,0.4199799440195711
milliyet,Cihan_Haber,0.2840286648336184
milliyet,evrenselgzt,0.26370118459146136
milliyet,ntv,0.25047897285789317
milliyet,yurtgazetesi,0.34773690204205776
milliyet,SozcuGazetesi,0.20448796704487968
t24comtr,tvahaber,0.13010514914932983
t24comtr,stargazete,0.25502053341757297
t24comtr,SHaberTV,0.17096138514072537
t24comtr,AkitGazetem,0.13366151253686165
t24comtr,Haber7,0.1299647497129333
t24comtr,Haberturk,0.30671761160501626
t24comtr,Vatan,0.2740665097899925
t24comtr,cnnturk,0.33149811212900704
t24comtr,AydinlikGazete,0.22298661247801196
t24comtr,yenisafak,0.12893431813509434
t24comtr,Halk_TV,0.11309716256369991
t24comtr,Aksam,0.22353094554006148
t24comtr,cumhuriyetgzt,0.20382666666666666
t24comtr,medyatavacom,0.29630047485095096
t24comtr,Hurriyet,0.30295440528303025
t24comtr,Sabah,0.29000255727544866
t24comtr,trthaber,0.20383240318706722
t24comtr,bugun,0.21929138398744427
t24comtr,ulusalkanalcom,0.12926400204416577
t24comtr,ozgurgundemweb,0.3888118410878877
t24comtr,milligazetecom,0.21074135593867538
t24comtr,imc_televizyonu,0.25840441723002866
t24comtr,bbcturkce,0.5153536812230797
t24comtr,zamancomtr,0.38992934899789905
t24comtr,turkiyegazetesi,0.10529281999259295
t24comtr,BirGun_Gazetesi,0.3289383295475628
t24comtr,Taraf_Medya,0.40864272593622025
t24comtr,zaytung,0.14736926556051969
t24comtr,postacomtr,0.16957961057914783
t24comtr,milliyet,0.36755068168940636
t24comtr,t24comtr,1.0
t24comtr,ihacomtr,0.17450205658272175
t24comtr,radikal,0.4268945148948759
t24comtr,HaberMynet,0.1532521810838417
t24comtr,dhainternet,0.28024228931309575
t24comtr,Cihan_Haber,0.3070811458599716
t24comtr,evrenselgzt,0.39650311634786783
t24comtr,ntv,0.18570332596236291
t24comtr,yurtgazetesi,0.32588044731462684
t24comtr,SozcuGazetesi,0.1407096914070969
ihacomtr,tvahaber,0.5669945170068528
ihacomtr,stargazete,0.4458089532233298
ihacomtr,SHaberTV,0.31924350160365583
ihacomtr,AkitGazetem,0.35568956639777816
ihacomtr,Haber7,0.5730261777020036
ihacomtr,Haberturk,0.32808846435686223
ihacomtr,Vatan,0.3840163388536163
ihacomtr,cnnturk,0.22910000110469977
ihacomtr,AydinlikGazete,0.14389236271187958
ihacomtr,yenisafak,0.4525071161076272
ihacomtr,Halk_TV,0.04564839191415331
ihacomtr,Aksam,0.2853402659380558
ihacomtr,cumhuriyetgzt,0.07613333333333333
ihacomtr,medyatavacom,0.1900635938829092
ihacomtr,Hurriyet,0.21191087282328117
ihacomtr,Sabah,0.5554688161669128
ihacomtr,trthaber,0.7255778500333251
ihacomtr,bugun,0.30230845426727104
ihacomtr,ulusalkanalcom,0.10193064694900338
ihacomtr,ozgurgundemweb,0.09962076117772678
ihacomtr,milligazetecom,0.21469347232563912
ihacomtr,imc_televizyonu,0.07124945225303517
ihacomtr,bbcturkce,0.41899789002345644
ihacomtr,zamancomtr,0.41652336255877925
ihacomtr,turkiyegazetesi,0.2817255205062557
ihacomtr,BirGun_Gazetesi,0.1583844870694893
ihacomtr,Taraf_Medya,0.12285366042265813
ihacomtr,zaytung,0.07882769261360917
ihacomtr,postacomtr,0.2074716121453743
ihacomtr,milliyet,0.45618576631181257
ihacomtr,t24comtr,0.17450205658272175
ihacomtr,ihacomtr,1.0
ihacomtr,radikal,0.3652395173198511
ihacomtr,HaberMynet,0.2976207209993159
ihacomtr,dhainternet,0.5910475131367213
ihacomtr,Cihan_Haber,0.6183483265639786
ihacomtr,evrenselgzt,0.1323215211317463
ihacomtr,ntv,0.12634819400000735
ihacomtr,yurtgazetesi,0.18369324571889345
ihacomtr,SozcuGazetesi,0.07498012574980126
radikal,tvahaber,0.2330997502628298
radikal,stargazete,0.25319058917947557
radikal,SHaberTV,0.22513183321869576
radikal,AkitGazetem,0.22782449953971695
radikal,Haber7,0.22953721334879093
radikal,Haberturk,0.2076579953656394
radikal,Vatan,0.5513741508680016
radikal,cnnturk,0.22454291279406743
radikal,AydinlikGazete,0.3627118795794411
radikal,yenisafak,0.25090588114934487
radikal,Halk_TV,0.2181885363262667
radikal,Aksam,0.19205310533392886
radikal,cumhuriyetgzt,0.43436
radikal,medyatavacom,0.326841743913746
radikal,Hurriyet,0.2042460172324337
radikal,Sabah,0.2133531312311433
radikal,trthaber,0.23423205582618353
radikal,bugun,0.28386403145398037
radikal,ulusalkanalcom,0.2521924005516627
radikal,ozgurgundemweb,0.5557260152922839
radikal,milligazetecom,0.27059587223399584
radikal,imc_televizyonu,0.4351325522953315
radikal,bbcturkce,0.4236490911719926
radikal,zamancomtr,0.21042718986904954
radikal,turkiyegazetesi,0.1768916155419223
radikal,BirGun_Gazetesi,0.4723781592094193
radikal,Taraf_Medya,0.2780174424402688
radikal,zaytung,0.11531708431401377
radikal,postacomtr,0.3656604848182821
radikal,milliyet,0.3152373742835514
radikal,t24comtr,0.4268945148948759
radikal,ihacomtr,0.3652395173198511
radikal,radikal,1.0
radikal,HaberMynet,0.32972552547487183
radikal,dhainternet,0.3932368001528075
radikal,Cihan_Haber,0.2767267819899399
radikal,evrenselgzt,0.5799820478134995
radikal,ntv,0.1246259035727348
radikal,yurtgazetesi,0.4604709394031561
radikal,SozcuGazetesi,0.2559080725590807
HaberMynet,tvahaber,0.3185647484373975
HaberMynet,stargazete,0.2507285897688192
HaberMynet,SHaberTV,0.2067508176135991
HaberMynet,AkitGazetem,0.07218426995773711
HaberMynet,Haber7,0.306270088930121
HaberMynet,Haberturk,0.18576930645750753
HaberMynet,Vatan,0.1649283592439534
HaberMynet,cnnturk,0.13814624272581597
HaberMynet,AydinlikGazete,0.1171459897107194
HaberMynet,yenisafak,0.2166277773092313
HaberMynet,Halk_TV,0.035194679229596786
HaberMynet,Aksam,0.18673451219626475
HaberMynet,cumhuriyetgzt,0.017346666666666666
HaberMynet,medyatavacom,0.20505467937364708
HaberMynet,Hurriyet,0.1429816423491046
HaberMynet,Sabah,0.3762990451022837
HaberMynet,trthaber,0.4393372878655834
HaberMynet,bugun,0.1975110811241367
HaberMynet,ulusalkanalcom,0.10307085359796839
HaberMynet,ozgurgundemweb,0.037469777488678066
HaberMynet,milligazetecom,0.06623136109360979
HaberMynet,imc_televizyonu,0.06808917376514577
HaberMynet,bbcturkce,0.3984894061641974
HaberMynet,zamancomtr,0.2678680198288868
HaberMynet,turkiyegazetesi,0.07568899759167112
HaberMynet,BirGun_Gazetesi,0.15917460852942003
HaberMynet,Taraf_Medya,0.09351250550542109
HaberMynet,zaytung,0.05408900508841472
HaberMynet,postacomtr,0.14544548464030185
HaberMynet,milliyet,0.39810519805459504
HaberMynet,t24comtr,0.1532521810838417
HaberMynet,ihacomtr,0.2976207209993159
HaberMynet,radikal,0.32972552547487183
HaberMynet,HaberMynet,1.0
HaberMynet,dhainternet,0.3975054585664352
HaberMynet,Cihan_Haber,0.3600685952039583
HaberMynet,evrenselgzt,0.08041194606092979
HaberMynet,ntv,0.07411468143525156
HaberMynet,yurtgazetesi,0.10042825147826413
HaberMynet,SozcuGazetesi,0.05561176555611765
dhainternet,tvahaber,0.30772778257624017
dhainternet,stargazete,0.27666748085210324
dhainternet,SHaberTV,0.25603484982476826
dhainternet,AkitGazetem,0.27230812438563917
dhainternet,Haber7,0.28899087161189435
dhainternet,Haberturk,0.3133085755845988
dhainternet,Vatan,0.5260222883274874
dhainternet,cnnturk,0.3165447145512383
dhainternet,AydinlikGazete,0.29986079841730934
dhainternet,yenisafak,0.27637999662153323
dhainternet,Halk_TV,0.15518913676042678
dhainternet,Aksam,0.202290392027583
dhainternet,cumhuriyetgzt,0.24486666666666668
dhainternet,medyatavacom,0.1994976260653667
dhainternet,Hurriyet,0.2692019482952417
dhainternet,Sabah,0.34211241634158346
dhainternet,trthaber,0.4412738118851887
dhainternet,bugun,0.29161977463088984
dhainternet,ulusalkanalcom,0.20251655151854656
dhainternet,ozgurgundemweb,0.30668024889848916
dhainternet,milligazetecom,0.2857170131928136
dhainternet,imc_televizyonu,0.20686652744841255
dhainternet,bbcturkce,0.4263622271688743
dhainternet,zamancomtr,0.3037801482526319
dhainternet,turkiyegazetesi,0.19783263288407968
dhainternet,BirGun_Gazetesi,0.27303840248696387
dhainternet,Taraf_Medya,0.23078259358985495
dhainternet,zaytung,0.11243838112240025
dhainternet,postacomtr,0.34259424055814613
dhainternet,milliyet,0.4199799440195711
dhainternet,t24comtr,0.28024228931309575
dhainternet,ihacomtr,0.5910475131367213
dhainternet,radikal,0.3932368001528075
dhainternet,HaberMynet,0.3975054585664352
dhainternet,dhainternet,1.0
dhainternet,Cihan_Haber,0.46680478111064583
dhainternet,evrenselgzt,0.3311988773562245
dhainternet,ntv,0.15452288071466877
dhainternet,yurtgazetesi,0.39173981623602144
dhainternet,SozcuGazetesi,0.20734263207342632
Cihan_Haber,tvahaber,0.31137808800597183
Cihan_Haber,stargazete,0.2838424900116894
Cihan_Haber,SHaberTV,0.6272149618420622
Cihan_Haber,AkitGazetem,0.30022936137679235
Cihan_Haber,Haber7,0.33083649192781384
Cihan_Haber,Haberturk,0.21019434641725662
Cihan_Haber,Vatan,0.47719220352528524
Cihan_Haber,cnnturk,0.1784017839745394
Cihan_Haber,AydinlikGazete,0.275672844949131
Cihan_Haber,yenisafak,0.3050065547014221
Cihan_Haber,Halk_TV,0.13391221344664603
Cihan_Haber,Aksam,0.1945060840015219
Cihan_Haber,cumhuriyetgzt,0.20765333333333333
Cihan_Haber,medyatavacom,0.1781353256822599
Cihan_Haber,Hurriyet,0.15954015025222457
Cihan_Haber,Sabah,0.2567306790217007
Cihan_Haber,trthaber,0.3683026983336581
Cihan_Haber,bugun,0.5993041620971874
Cihan_Haber,ulusalkanalcom,0.18313628754598554
Cihan_Haber,ozgurgundemweb,0.22742056235348987
Cihan_Haber,milligazetecom,0.35349485461175706
Cihan_Haber,imc_televizyonu,0.16115456765653205
Cihan_Haber,bbcturkce,0.30735167824951104
Cihan_Haber,zamancomtr,0.530663144904631
Cihan_Haber,turkiyegazetesi,0.20554562581517802
Cihan_Haber,BirGun_Gazetesi,0.2513368856861729
Cihan_Haber,Taraf_Medya,0.348475636237297
Cihan_Haber,zaytung,0.08313667756392215
Cihan_Haber,postacomtr,0.2926707720784537
Cihan_Haber,milliyet,0.2840286648336184
Cihan_Haber,t24comtr,0.3070811458599716
Cihan_Haber,ihacomtr,0.6183483265639786
Cihan_Haber,radikal,0.2767267819899399
Cihan_Haber,HaberMynet,0.3600685952039583
Cihan_Haber,dhainternet,0.46680478111064583
Cihan_Haber,Cihan_Haber,1.0
Cihan_Haber,evrenselgzt,0.27880251330611006
Cihan_Haber,ntv,0.08792280990423405
Cihan_Haber,yurtgazetesi,0.35455555005411066
Cihan_Haber,SozcuGazetesi,0.1800968418009684
evrenselgzt,tvahaber,0.12503318626025614
evrenselgzt,stargazete,0.12928102757304138
evrenselgzt,SHaberTV,0.12177145096651032
evrenselgzt,AkitGazetem,0.05564743879795915
evrenselgzt,Haber7,0.12111404695381736
evrenselgzt,Haberturk,0.17543205350257274
evrenselgzt,Vatan,0.1414731607689917
evrenselgzt,cnnturk,0.21414303594230016
evrenselgzt,AydinlikGazete,0.22596366578591384
evrenselgzt,yenisafak,0.12677151417843463
evrenselgzt,Halk_TV,0.08583129339676382
evrenselgzt,Aksam,0.10149306565190458
evrenselgzt,cumhuriyetgzt,0.09278666666666667
evrenselgzt,medyatavacom,0.18694926610955892
evrenselgzt,Hurriyet,0.1576252544279953
evrenselgzt,Sabah,0.16833335440397476
evrenselgzt,trthaber,0.17825762651866647
evrenselgzt,bugun,0.16478084425846093
evrenselgzt,ulusalkanalcom,0.16983147700982312
evrenselgzt,ozgurgundemweb,0.4505700855435143
evrenselgzt,milligazetecom,0.06455123432040781
evrenselgzt,imc_televizyonu,0.4896079596455075
evrenselgzt,bbcturkce,0.4562763119634888
evrenselgzt,zamancomtr,0.22353000670046397
evrenselgzt,turkiyegazetesi,0.04558555947377743
evrenselgzt,BirGun_Gazetesi,0.6653939999241457
evrenselgzt,Taraf_Medya,0.16373784750755382
evrenselgzt,zaytung,0.11015942047307804
evrenselgzt,postacomtr,0.09828071049727691
evrenselgzt,milliyet,0.26370118459146136
evrenselgzt,t24comtr,0.39650311634786783
evrenselgzt,ihacomtr,0.1323215211317463
evrenselgzt,radikal,0.5799820478134995
evrenselgzt,HaberMynet,0.08041194606092979
evrenselgzt,dhainternet,0.3311988773562245
evrenselgzt,Cihan_Haber,0.27880251330611006
evrenselgzt,evrenselgzt,1.0
evrenselgzt,ntv,0.09254857836382255
evrenselgzt,yurtgazetesi,0.2541078110300827
evrenselgzt,SozcuGazetesi,0.08350798583507986
ntv,tvahaber,0.14048204354572066
ntv,stargazete,0.2461660589353944
ntv,SHaberTV,0.05210862963638831
ntv,AkitGazetem,0.09839134979950383
ntv,Haber7,0.11979232366433001
ntv,Haberturk,0.30732300434206417
ntv,Vatan,0.08723527061226302
ntv,cnnturk,0.40408673661072264
ntv,AydinlikGazete,0.06089509750824691
ntv,yenisafak,0.10713308542048826
ntv,Halk_TV,0.015441934937570243
ntv,Aksam,0.17385663544908653
ntv,cumhuriyetgzt,0.43437333333333333
ntv,medyatavacom,0.11086243624393552
ntv,Hurriyet,0.3574595466533582
ntv,Sabah,0.19569269610561213
ntv,trthaber,0.14517214559884867
ntv,bugun,0.09216859103599871
ntv,ulusalkanalcom,0.046180456595874324
ntv,ozgurgundemweb,0.1142993900268781
ntv,milligazetecom,0.08205891899116025
ntv,imc_televizyonu,0.1493894453686334
ntv,bbcturkce,0.22630322673500325
ntv,zamancomtr,0.10882805620258647
ntv,turkiyegazetesi,0.06300822826594528
ntv,BirGun_Gazetesi,0.10211667625263218
ntv,Taraf_Medya,0.2786254507786689
ntv,zaytung,0.5131800712436283
ntv,postacomtr,0.053874630690919446
ntv,milliyet,0.25047897285789317
ntv,t24comtr,0.18570332596236291
ntv,ihacomtr,0.12634819400000735
ntv,radikal,0.1246259035727348
ntv,HaberMynet,0.07411468143525156
ntv,dhainternet,0.15452288071466877
ntv,Cihan_Haber,0.08792280990423405
ntv,evrenselgzt,0.09254857836382255
ntv,ntv,1.0
ntv,yurtgazetesi,0.06889380875248449
ntv,SozcuGazetesi,0.05040832550408326
yurtgazetesi,tvahaber,0.18336787454819384
yurtgazetesi,stargazete,0.18083563804579245
yurtgazetesi,SHaberTV,0.20052766715943895
yurtgazetesi,AkitGazetem,0.07514315582531089
yurtgazetesi,Haber7,0.17785071121893944
yurtgazetesi,Haberturk,0.1972315157345254
yurtgazetesi,Vatan,0.22190649558229367
yurtgazetesi,cnnturk,0.17647849367294538
yurtgazetesi,AydinlikGazete,0.6191035316918594
yurtgazetesi,yenisafak,0.18129540165656366
yurtgazetesi,Halk_TV,0.15404985143103475
yurtgazetesi,Aksam,0.15192711685776328
yurtgazetesi,cumhuriyetgzt,0.05061333333333334
yurtgazetesi,medyatavacom,0.24385154586672514
yurtgazetesi,Hurriyet,0.1740452831790178
yurtgazetesi,Sabah,0.2277668927760527
yurtgazetesi,trthaber,0.24980017966147253
yurtgazetesi,bugun,0.2569654187031837
yurtgazetesi,ulusalkanalcom,0.46661762521485106
yurtgazetesi,ozgurgundemweb,0.10249266682212595
yurtgazetesi,milligazetecom,0.08030242281917635
yurtgazetesi,imc_televizyonu,0.1511349087899729
yurtgazetesi,bbcturkce,0.4527822771737977
yurtgazetesi,zamancomtr,0.3008127205981171
yurtgazetesi,turkiyegazetesi,0.059369112603255884
yurtgazetesi,BirGun_Gazetesi,0.5106629791267321
yurtgazetesi,Taraf_Medya,0.1531083556731293
yurtgazetesi,zaytung,0.09035415944602021
yurtgazetesi,postacomtr,0.12661517103904887
yurtgazetesi,milliyet,0.34773690204205776
yurtgazetesi,t24comtr,0.32588044731462684
yurtgazetesi,ihacomtr,0.18369324571889345
yurtgazetesi,radikal,0.4604709394031561
yurtgazetesi,HaberMynet,0.10042825147826413
yurtgazetesi,dhainternet,0.39173981623602144
yurtgazetesi,Cihan_Haber,0.35455555005411066
yurtgazetesi,evrenselgzt,0.2541078110300827
yurtgazetesi,ntv,0.06889380875248449
yurtgazetesi,yurtgazetesi,1.0
yurtgazetesi,SozcuGazetesi,0.19971814699718146
SozcuGazetesi,tvahaber,0.07273975572739756
SozcuGazetesi,stargazete,0.07339018573390185
SozcuGazetesi,SHaberTV,0.082387800823878
SozcuGazetesi,AkitGazetem,0.0215364602153646
SozcuGazetesi,Haber7,0.061646310616463106
SozcuGazetesi,Haberturk,0.10952518609525186
SozcuGazetesi,Vatan,0.10547806605478066
SozcuGazetesi,cnnturk,0.11660764616607647
SozcuGazetesi,AydinlikGazete,0.26494182264941823
SozcuGazetesi,yenisafak,0.06735564067355641
SozcuGazetesi,Halk_TV,0.09510732095107322
SozcuGazetesi,Aksam,0.06930693069306931
SozcuGazetesi,cumhuriyetgzt,0.0172002601720026
SozcuGazetesi,medyatavacom,0.14385343643853438
SozcuGazetesi,Hurriyet,0.1308809713088097
SozcuGazetesi,Sabah,0.12181108621811086
SozcuGazetesi,trthaber,0.1197513911975139
SozcuGazetesi,bugun,0.12369010623690106
SozcuGazetesi,ulusalkanalcom,0.24383898243838983
SozcuGazetesi,ozgurgundemweb,0.016911180169111802
SozcuGazetesi,milligazetecom,0.017417070174170702
SozcuGazetesi,imc_televizyonu,0.04209727542097275
SozcuGazetesi,bbcturkce,0.2922237479222375
SozcuGazetesi,zamancomtr,0.15382669653826697
SozcuGazetesi,turkiyegazetesi,0.023885235238852352
SozcuGazetesi,BirGun_Gazetesi,0.22215798222157981
SozcuGazetesi,Taraf_Medya,0.08773578087735781
SozcuGazetesi,zaytung,0.056370600563706005
SozcuGazetesi,postacomtr,0.056840355568403556
SozcuGazetesi,milliyet,0.20448796704487968
SozcuGazetesi,t24comtr,0.1407096914070969
SozcuGazetesi,ihacomtr,0.07498012574980126
SozcuGazetesi,radikal,0.2559080725590807
SozcuGazetesi,HaberMynet,0.05561176555611765
SozcuGazetesi,dhainternet,0.20734263207342632
SozcuGazetesi,Cihan_Haber,0.1800968418009684
SozcuGazetesi,evrenselgzt,0.08350798583507986
SozcuGazetesi,ntv,0.05040832550408326
SozcuGazetesi,yurtgazetesi,0.19971814699718146
SozcuGazetesi,SozcuGazetesi,1.0
